[{"Pressed": "'h'"}, {"Held": "'h'"}, {"Released": "'h'"}, {"Pressed": "'h'"}, {"Held": "'h'"}, {"Released": "'h'"}, {"Pressed": "'h'"}, {"Held": "'h'"}, {"Released": "'h'"}, {"Pressed": "'h'"}, {"Held": "'h'"}, {"Released": "'h'"}, {"Pressed": "'h'"}, {"Held": "'h'"}, {"Released": "'h'"}, {"Pressed": "'h'"}, {"Held": "'h'"}, {"Released": "'h'"}, {"Pressed": "'h'"}, {"Held": "'h'"}, {"Released": "'h'"}, {"Pressed": "'h'"}, {"Held": "'h'"}, {"Released": "'h'"}, {"Pressed": "'h'"}, {"Held": "'h'"}, {"Released": "'h'"}, {"Pressed": "'g'"}, {"Held": "'g'"}, {"Held": "'i'"}, {"Released": "'g'"}, {"Released": "'i'"}, {"Pressed": "'t'"}, {"Held": "'t'"}, {"Released": "'t'"}, {"Pressed": "'h'"}, {"Held": "'h'"}, {"Released": "'h'"}, {"Pressed": "'u'"}, {"Held": "'u'"}, {"Released": "'u'"}, {"Pressed": "'b'"}, {"Held": "'b'"}, {"Released": "'b'"}, {"Pressed": "'a'"}, {"Held": "'a'"}, {"Released": "'a'"}, {"Pressed": "'b'"}, {"Held": "'b'"}, {"Released": "'b'"}, {"Pressed": "'i'"}, {"Held": "'i'"}, {"Released": "'i'"}, {"Pressed": "'t'"}, {"Held": "'t'"}, {"Released": "'t'"}, {"Pressed": "'h'"}, {"Held": "'h'"}, {"Released": "'h'"}, {"Pressed": "'a'"}, {"Held": "'a'"}, {"Released": "'a'"}, {"Pressed": "'a'"}, {"Held": "'a'"}, {"Released": "'a'"}, {"Pressed": "'b'"}, {"Held": "'b'"}, {"Released": "'b'"}, {"Pressed": "'i'"}, {"Held": "'i'"}, {"Released": "'i'"}, {"Pressed": "'1'"}, {"Held": "'1'"}, {"Released": "'1'"}, {"Pressed": "'2'"}, {"Held": "'2'"}, {"Released": "'2'"}, {"Pressed": "'2'"}, {"Held": "'2'"}, {"Released": "'2'"}, {"Pressed": "'2'"}, {"Held": "'2'"}, {"Released": "'2'"}, {"Pressed": "Key.backspace"}, {"Held": "Key.backspace"}, {"Released": "Key.backspace"}, {"Pressed": "'2'"}, {"Held": "'2'"}, {"Released": "'2'"}, {"Pressed": "Key.backspace"}, {"Held": "Key.backspace"}, {"Released": "Key.backspace"}, {"Pressed": "Key.shift_r"}, {"Held": "Key.shift_r"}, {"Held": "Key.shift_r"}, {"Held": "Key.shift_r"}, {"Held": "Key.shift_r"}, {"Held": "Key.shift_r"}, {"Held": "'@'"}, {"Released": "'@'"}, {"Released": "Key.shift_r"}, {"Pressed": "'g'"}, {"Held": "'g'"}, {"Released": "'g'"}, {"Pressed": "'m'"}, {"Held": "'m'"}, {"Released": "'m'"}, {"Pressed": "'a'"}, {"Held": "'a'"}, {"Released": "'a'"}, {"Pressed": "'i'"}, {"Held": "'i'"}, {"Released": "'i'"}, {"Pressed": "'l'"}, {"Held": "'l'"}, {"Released": "'l'"}, {"Pressed": "'.'"}, {"Held": "'.'"}, {"Released": "'.'"}, {"Pressed": "'c'"}, {"Held": "'c'"}, {"Released": "'c'"}, {"Pressed": "'o'"}, {"Held": "'o'"}, {"Released": "'o'"}, {"Pressed": "'m'"}, {"Held": "'m'"}, {"Released": "'m'"}, {"Pressed": "Key.backspace"}, {"Held": "Key.backspace"}, {"Released": "Key.backspace"}, {"Pressed": "Key.backspace"}, {"Held": "Key.backspace"}, {"Released": "Key.backspace"}, {"Pressed": "Key.backspace"}, {"Held": "Key.backspace"}, {"Released": "Key.backspace"}, {"Pressed": "Key.backspace"}, {"Held": "Key.backspace"}, {"Released": "Key.backspace"}, {"Pressed": "Key.backspace"}, {"Held": "Key.backspace"}, {"Released": "Key.backspace"}, {"Pressed": "Key.backspace"}, {"Held": "Key.backspace"}, {"Released": "Key.backspace"}, {"Pressed": "Key.backspace"}, {"Held": "Key.backspace"}, {"Released": "Key.backspace"}, {"Pressed": "Key.backspace"}, {"Held": "Key.backspace"}, {"Released": "Key.backspace"}, {"Pressed": "Key.backspace"}, {"Held": "Key.backspace"}, {"Released": "Key.backspace"}, {"Pressed": "Key.backspace"}, {"Held": "Key.backspace"}, {"Released": "Key.backspace"}, {"Pressed": "Key.backspace"}, {"Held": "Key.backspace"}, {"Released": "Key.backspace"}, {"Pressed": "Key.backspace"}, {"Held": "Key.backspace"}, {"Released": "Key.backspace"}, {"Pressed": "Key.backspace"}, {"Held": "Key.backspace"}, {"Released": "Key.backspace"}, {"Pressed": "Key.backspace"}, {"Held": "Key.backspace"}, {"Released": "Key.backspace"}, {"Pressed": "Key.backspace"}, {"Held": "Key.backspace"}, {"Released": "Key.backspace"}, {"Pressed": "Key.backspace"}, {"Held": "Key.backspace"}, {"Released": "Key.backspace"}, {"Pressed": "'a'"}, {"Held": "'a'"}, {"Released": "'a'"}, {"Pressed": "'a'"}, {"Held": "'a'"}, {"Released": "'a'"}, {"Pressed": "'b'"}, {"Held": "'b'"}, {"Released": "'b'"}, {"Pressed": "'i'"}, {"Held": "'i'"}, {"Released": "'i'"}, {"Pressed": "'1'"}, {"Held": "'1'"}, {"Released": "'1'"}, {"Pressed": "'2'"}, {"Held": "'2'"}, {"Released": "'2'"}, {"Pressed": "'2'"}, {"Held": "'2'"}, {"Released": "'2'"}, {"Pressed": "Key.shift_r"}, {"Held": "Key.shift_r"}, {"Held": "'@'"}, {"Released": "'@'"}, {"Released": "Key.shift_r"}, {"Pressed": "'g'"}, {"Held": "'g'"}, {"Released": "'g'"}, {"Pressed": "'m'"}, {"Held": "'m'"}, {"Held": "'a'"}, {"Released": "'m'"}, {"Released": "'a'"}, {"Pressed": "'i'"}, {"Held": "'i'"}, {"Released": "'i'"}, {"Pressed": "'l'"}, {"Held": "'l'"}, {"Released": "'l'"}, {"Pressed": "'.'"}, {"Held": "'.'"}, {"Released": "'.'"}, {"Pressed": "'c'"}, {"Held": "'c'"}, {"Released": "'c'"}, {"Pressed": "'o'"}, {"Held": "'o'"}, {"Released": "'o'"}, {"Pressed": "'m'"}, {"Held": "'m'"}, {"Released": "'m'"}, {"Pressed": "'a'"}, {"Held": "'a'"}, {"Released": "'a'"}, {"Pressed": "'b'"}, {"Held": "'b'"}, {"Released": "'b'"}, {"Pressed": "'i'"}, {"Held": "'i'"}, {"Released": "'i'"}, {"Pressed": "'t'"}, {"Held": "'t'"}, {"Released": "'t'"}, {"Pressed": "'h'"}, {"Held": "'h'"}, {"Held": "'a'"}, {"Released": "'h'"}, {"Released": "'a'"}, {"Pressed": "'a'"}, {"Held": "'a'"}, {"Released": "'a'"}, {"Pressed": "'b'"}, {"Held": "'b'"}, {"Released": "'b'"}, {"Pressed": "'i'"}, {"Held": "'i'"}, {"Released": "'i'"}, {"Pressed": "'1'"}, {"Held": "'1'"}, {"Released": "'1'"}, {"Pressed": "'2'"}, {"Held": "'2'"}, {"Released": "'2'"}, {"Pressed": "'2'"}, {"Held": "'2'"}, {"Released": "'2'"}, {"Pressed": "Key.shift_r"}, {"Held": "Key.shift_r"}, {"Held": "Key.shift_r"}, {"Held": "Key.shift_r"}, {"Held": "Key.shift_r"}, {"Held": "'@'"}, {"Released": "Key.shift_r"}, {"Released": "'2'"}, {"Pressed": "'g'"}, {"Held": "'g'"}, {"Released": "'g'"}, {"Pressed": "'m'"}, {"Held": "'m'"}, {"Released": "'m'"}, {"Pressed": "'a'"}, {"Held": "'a'"}, {"Released": "'a'"}, {"Pressed": "'i'"}, {"Held": "'i'"}, {"Released": "'i'"}, {"Pressed": "'l'"}, {"Held": "'l'"}, {"Released": "'l'"}, {"Pressed": "'.'"}, {"Held": "'.'"}, {"Released": "'.'"}, {"Pressed": "'c'"}, {"Held": "'c'"}, {"Released": "'c'"}, {"Pressed": "'o'"}, {"Held": "'o'"}, {"Released": "'o'"}, {"Pressed": "'m'"}, {"Held": "'m'"}, {"Released": "'m'"}, {"Pressed": "Key.caps_lock"}, {"Held": "Key.caps_lock"}, {"Released": "Key.caps_lock"}, {"Pressed": "'a'"}, {"Held": "'a'"}, {"Released": "'a'"}, {"Pressed": "Key.caps_lock"}, {"Held": "Key.caps_lock"}, {"Released": "Key.caps_lock"}, {"Pressed": "'b'"}, {"Held": "'b'"}, {"Released": "'b'"}, {"Pressed": "'i'"}, {"Held": "'i'"}, {"Released": "'i'"}, {"Pressed": "'t'"}, {"Held": "'t'"}, {"Released": "'t'"}, {"Pressed": "'h'"}, {"Held": "'h'"}, {"Released": "'h'"}, {"Pressed": "'a'"}, {"Held": "'a'"}, {"Released": "'a'"}, {"Pressed": "'2'"}, {"Held": "'2'"}, {"Released": "'2'"}, {"Pressed": "'8'"}, {"Held": "'8'"}, {"Released": "'8'"}, {"Pressed": "'5'"}, {"Held": "'5'"}, {"Released": "'5'"}, {"Pressed": "'4'"}, {"Held": "'4'"}, {"Released": "'4'"}, {"Pressed": "'5'"}, {"Held": "'5'"}, {"Released": "'5'"}, {"Pressed": "'1'"}, {"Held": "'1'"}, {"Released": "'1'"}, {"Pressed": "'5'"}, {"Held": "'5'"}, {"Released": "'5'"}, {"Pressed": "'9'"}, {"Held": "'9'"}, {"Released": "'9'"}, {"Pressed": "Key.caps_lock"}, {"Held": "Key.caps_lock"}, {"Released": "Key.caps_lock"}, {"Pressed": "'k'"}, {"Held": "'k'"}, {"Released": "'k'"}, {"Pressed": "Key.caps_lock"}, {"Held": "Key.caps_lock"}, {"Released": "Key.caps_lock"}, {"Pressed": "'e'"}, {"Held": "'e'"}, {"Released": "'e'"}, {"Pressed": "'y'"}, {"Held": "'y'"}, {"Released": "'y'"}, {"Pressed": "'l'"}, {"Held": "'l'"}, {"Released": "'l'"}, {"Pressed": "'o'"}, {"Held": "'o'"}, {"Released": "'o'"}, {"Pressed": "'g'"}, {"Held": "'g'"}, {"Released": "'g'"}, {"Pressed": "'g'"}, {"Held": "'g'"}, {"Released": "'g'"}, {"Pressed": "'e'"}, {"Held": "'e'"}, {"Released": "'e'"}, {"Pressed": "'r'"}, {"Held": "'r'"}, {"Released": "'r'"}, {"Pressed": "Key.shift_r"}, {"Held": "Key.shift_r"}, {"Held": "'_'"}, {"Released": "'_'"}, {"Released": "Key.shift_r"}, {"Pressed": "'2'"}, {"Held": "'2'"}, {"Released": "'2'"}, {"Pressed": "'8'"}, {"Held": "'8'"}, {"Released": "'8'"}, {"Pressed": "Key.ctrl_r"}, {"Held": "Key.ctrl_r"}, {"Released": "Key.ctrl_r"}, {"Pressed": "Key.ctrl_r"}, {"Held": "Key.ctrl_r"}, {"Held": "'\\x1a'"}, {"Released": "'\\x1a'"}, {"Released": "Key.ctrl_r"}, {"Pressed": "Key.ctrl_r"}, {"Held": "Key.ctrl_r"}, {"Released": "Key.ctrl_r"}]